[
  {
    "host": "js.monitor.azure.com",
    "port": 443
  },
  {
    "host": "onedrive.live.com",
    "port": 443
  },
  {
    "host": "gapis.geekzu.org",
    "port": 443
  },
  {
    "host": "edge-consumer-static.azureedge.net",
    "port": 443
  },
  {
    "host": "api.github.com",
    "port": 443
  },
  {
    "host": "raw.githubusercontent.com",
    "port": 443
  },
  {
    "host": "fonts.geekzu.org",
    "port": 443
  },
  {
    "host": "marketplace.visualstudio.com",
    "port": 443
  },
  {
    "host": "login.microsoftonline.com",
    "port": 443
  },
  {
    "host": "ocws.officeapps.live.com",
    "port": 443
  },
  {
    "host": "mcafee-sustainability.azurewebsites.net",
    "port": 443
  },
  {
    "host": "xpaywalletcdn.azureedge.net",
    "port": 443
  },
  {
    "host": "objects.githubusercontent.com",
    "port": 443
  },
  {
    "host": "github.com",
    "port": 22
  },
  {
    "host": "mrodevicemgr.officeapps.live.com",
    "port": 443
  },
  {
    "host": "sat02pap005.storage.live.com",
    "port": 443
  },
  {
    "host": "github-production-upload-manifest-file-7fdce7.s3.amazonaws.com",
    "port": 443
  },
  {
    "host": "collector.github.com",
    "port": 443
  },
  {
    "host": "github.com",
    "port": 80
  },
  {
    "host": "az700632.vo.msecnd.net",
    "port": 443
  },
  {
    "host": "dc.services.visualstudio.com",
    "port": 443
  },
  {
    "host": "login.live.com",
    "port": 443
  },
  {
    "host": "edgeassetservice.azureedge.net",
    "port": 443
  },
  {
    "host": "github.com",
    "port": 443
  },
  {
    "host": "github.githubassets.com",
    "port": 443
  },
  {
    "host": "alive.github.com",
    "port": 443
  },
  {
    "host": "az667904.vo.msecnd.net",
    "port": 443
  },
  {
    "host": "storage.live.com",
    "port": 443
  },
  {
    "host": "avatars.githubusercontent.com",
    "port": 443
  },
  {
    "host": "www.gravatar.com",
    "port": 443
  },
  {
    "host": "schemastore.azurewebsites.net",
    "port": 443
  },
  {
    "host": "odc.officeapps.live.com",
    "port": 443
  },
  {
    "host": "g.live.com",
    "port": 443
  },
  {
    "host": "edgestatic.azureedge.net",
    "port": 443
  },
  {
    "host": "nexusrules.officeapps.live.com",
    "port": 443
  },
  {
    "host": "user-images.githubusercontent.com",
    "port": 443
  },
  {
    "host": "waconafd.officeapps.live.com",
    "port": 443
  },
  {
    "host": "camo.githubusercontent.com",
    "port": 443
  },
  {
    "host": "cdnjs.cloudflare.com",
    "port": 443
  },
  {
    "host": "roaming.officeapps.live.com",
    "port": 443
  },
  {
    "host": "wvd-eventhubs-wus2-prod.servicebus.windows.net",
    "port": 443
  }
]